{
  "mean": [
    0.5422723146499743,
    0.7071599135192548,
    0.6147695961839783,
    0.66078446304911,
    0.6502708088898179,
    0.5849593157532905,
    0.6231164620955573,
    0.5264817412589987,
    0.5830878735670827,
    0.49617591276651374,
    0.5807714788387679,
    0.4788469848411354,
    0.5734065888032184,
    0.40674938497624574,
    0.5707923475585888,
    0.3953075840741249,
    0.5694025124719996,
    0.3891271652886776,
    0.5246521354752924,
    0.48094048881899343,
    0.5145649051407696,
    0.41259776947507837,
    0.5244442096533026,
    0.4341803893115615,
    0.534365334938891,
    0.44975021273610355,
    0.47694425808701485,
    0.49992623999953545,
    0.46590238959504576,
    0.44750558836249293,
    0.49155020083439016,
    0.49545165857928963,
    0.5113686101386332,
    0.5308264356685239,
    0.434226306976791,
    0.5309474268736336,
    0.4256820918442401,
    0.48536354745488103,
    0.4422846710624078,
    0.5085281196076498,
    0.45423033124870155,
    0.5276788387962897
  ],
  "scale": [
    0.17839873197433473,
    0.1723108665632591,
    0.16067678100936233,
    0.16383233577474998,
    0.1559671796301024,
    0.15738328294247675,
    0.17091567343066047,
    0.16035968207189996,
    0.19525422188854,
    0.16897431472514765,
    0.15776356291772106,
    0.1500442979857874,
    0.1705179341603329,
    0.1532402497500877,
    0.1858881645652934,
    0.16810852230581433,
    0.20286452364948424,
    0.195080648726186,
    0.15562128163285863,
    0.15054507760917352,
    0.1640796037005967,
    0.15683789895494452,
    0.1716121210704987,
    0.1800445010706733,
    0.18100484101796308,
    0.21369288693768995,
    0.15815159631659567,
    0.15389877126515764,
    0.16450511134325216,
    0.16048066113629508,
    0.16920459564428514,
    0.17403328712775315,
    0.17432081702617466,
    0.19312985532313204,
    0.16629087650376273,
    0.16026933304122412,
    0.17180554981720683,
    0.1642058550895087,
    0.18033357865331495,
    0.17629880593145544,
    0.1891614963189285,
    0.1935508166601507
  ],
  "var": [
    0.03182610757005052,
    0.029691034735781288,
    0.025817027955530585,
    0.02684103424541042,
    0.02432576112176863,
    0.024769497749751696,
    0.029212167424256176,
    0.025715227634200834,
    0.03812421116529921,
    0.028552319036833255,
    0.02488934178449373,
    0.02251329135804776,
    0.029076365870307628,
    0.02348257414346926,
    0.0345544097254536,
    0.028260475271844478,
    0.04115401495553215,
    0.03805645950742958,
    0.024217983297053502,
    0.02266382039235208,
    0.026922116350544874,
    0.024598126548601384,
    0.029450720098315505,
    0.032416022365787674,
    0.032762752471938085,
    0.04566464992776434,
    0.02501192741748744,
    0.02368483179692531,
    0.02706193165805579,
    0.025754042598742373,
    0.028630195187146035,
    0.030287585028490972,
    0.030387747248673064,
    0.03729914101713391,
    0.027652655608389667,
    0.025686259113478816,
    0.029517146947992737,
    0.02696356284567673,
    0.03252019958991133,
    0.031081268972856988,
    0.035782071689616,
    0.03746191862981127
  ],
  "scaler_type": "StandardScaler"
}